{"cameraMode":{"drawMode":0,"name":"Shaded","section":"Shading Mode"},"sceneLighting":false,"audioPlay":false,"sceneViewState":{"m_AlwaysRefresh":false,"showFog":true,"showSkybox":false,"showFlares":true,"showImageEffects":true,"showParticleSystems":true,"showVisualEffectGraphs":true,"m_FxEnabled":true},"in2DMode":false,"pivot":{"x":0.009092569351196289,"y":0.4208773970603943,"z":-0.0684436559677124},"rotation":{"x":0.13547289371490479,"y":-0.03090996854007244,"z":0.0035580701660364868,"w":0.9904871582984924},"size":1.0129352807998658,"orthographic":false}